<?xml version='1.0' encoding='US-ASCII' standalone='yes'?>
<PageTables vers='1.0.0.0'>
	<PageTableLayouts>
		<Plugin manID='Tdrl' prodID='Td10' plugID='jcaa'>
			<Desc>Generated PageTable 2 by Avid Inc.</Desc>
			<Layout>PageTable 1</Layout>
		</Plugin><!--manID='Tdrl' prodID='Td10' plugID='jcaa'-->
		<Plugin manID='Tdrl' prodID='Td10' plugID='jcab'>
			<Desc>Generated PageTable 1 by Avid Inc.</Desc>
			<Layout>PageTable 1</Layout>
		</Plugin><!--manID='Tdrl' prodID='Td10' plugID='jcab'-->
		<PTLayout name='PageTable 1'>
			<PageTable type='Av48' pgsz='96'>
				<Page num='1'>
					<Cell row='1' col='1' knobID="HP Freq" inOutButtonID="EQ Sat" selectButtonID="EQ Model"/>
					<Cell row='2' col='1' knobID="" inOutButtonID="" selectButtonID="Mode"/>
					<Cell row='3' col='1' knobID="" inOutButtonID="" selectButtonID=""/>
					<Cell row='4' col='1' knobID="" inOutButtonID="" selectButtonID=""/>
					<Cell row='1' col='2' knobID="LOW Freq" inOutButtonID="" selectButtonID="LOW Shape"/>
					<Cell row='2' col='2' knobID="" inOutButtonID="" selectButtonID="Quality"/>
					<Cell row='3' col='2' knobID="" inOutButtonID="" selectButtonID=""/>
					<Cell row='4' col='2' knobID="" inOutButtonID="" selectButtonID=""/>
					<Cell row='1' col='3' knobID="LOW Gain" inOutButtonID="LOW Bypass" selectButtonID=""/>
					<Cell row='2' col='3' knobID="" inOutButtonID="" selectButtonID=""/>
					<Cell row='3' col='3' knobID="" inOutButtonID="" selectButtonID=""/>
					<Cell row='4' col='3' knobID="" inOutButtonID="" selectButtonID=""/>
					<Cell row='1' col='4' knobID="MID Freq" inOutButtonID="" selectButtonID=""/>
					<Cell row='2' col='4' knobID="" inOutButtonID="" selectButtonID=""/>
					<Cell row='3' col='4' knobID="" inOutButtonID="" selectButtonID=""/>
					<Cell row='4' col='4' knobID="" inOutButtonID="" selectButtonID=""/>
					<Cell row='1' col='5' knobID="MID Gain" inOutButtonID="MID Bypass" selectButtonID=""/>
					<Cell row='2' col='5' knobID="" inOutButtonID="" selectButtonID=""/>
					<Cell row='3' col='5' knobID="" inOutButtonID="" selectButtonID=""/>
					<Cell row='4' col='5' knobID="" inOutButtonID="" selectButtonID=""/>
					<Cell row='1' col='6' knobID="HIGH Freq" inOutButtonID="" selectButtonID="HIGH Shape"/>
					<Cell row='2' col='6' knobID="" inOutButtonID="" selectButtonID=""/>
					<Cell row='3' col='6' knobID="" inOutButtonID="" selectButtonID=""/>
					<Cell row='4' col='6' knobID="" inOutButtonID="" selectButtonID=""/>
					<Cell row='1' col='7' knobID="HIGH Gain" inOutButtonID="HIGH Bypass" selectButtonID=""/>
					<Cell row='2' col='7' knobID="" inOutButtonID="" selectButtonID=""/>
					<Cell row='3' col='7' knobID="" inOutButtonID="" selectButtonID=""/>
					<Cell row='4' col='7' knobID="" inOutButtonID="" selectButtonID=""/>
					<Cell row='1' col='8' knobID="OUT Gain" inOutButtonID="Bypass" selectButtonID="Auto Gain"/>
					<Cell row='2' col='8' knobID="OUT Drive" inOutButtonID="Master Bypass" selectButtonID="OUT Stage"/>
					<Cell row='3' col='8' knobID="" inOutButtonID="" selectButtonID=""/>
					<Cell row='4' col='8' knobID="" inOutButtonID="" selectButtonID=""/>
				</Page><!--num='1'-->
			</PageTable><!--type='Av48' pgsz='96'-->
			<PageTable type='Av81' pgsz='24'>
				<Page num='1'>
					<Cell row='1' col='1' knobID="HIGH Freq" inOutButtonID="" selectButtonID="HIGH Shape"/>
					<Cell row='2' col='1' knobID="HIGH Gain" inOutButtonID="HIGH Bypass" selectButtonID=""/>
					<Cell row='3' col='1' knobID="MID Freq" inOutButtonID="" selectButtonID=""/>
					<Cell row='4' col='1' knobID="MID Gain" inOutButtonID="MID Bypass" selectButtonID=""/>
					<Cell row='5' col='1' knobID="LOW Freq" inOutButtonID="" selectButtonID="LOW Shape"/>
					<Cell row='6' col='1' knobID="LOW Gain" inOutButtonID="LOW Bypass" selectButtonID=""/>
					<Cell row='7' col='1' knobID="HP Freq" inOutButtonID="EQ Sat" selectButtonID="EQ Model"/>
					<Cell row='8' col='1' knobID="OUT Gain" inOutButtonID="Bypass" selectButtonID="Auto Gain"/>
				</Page><!--num='1'-->
				<Page num='2'>
					<Cell row='1' col='1' knobID="" inOutButtonID="" selectButtonID=""/>
					<Cell row='2' col='1' knobID="" inOutButtonID="" selectButtonID=""/>
					<Cell row='3' col='1' knobID="" inOutButtonID="" selectButtonID=""/>
					<Cell row='4' col='1' knobID="" inOutButtonID="" selectButtonID=""/>
					<Cell row='5' col='1' knobID="" inOutButtonID="" selectButtonID="Mode"/>
					<Cell row='6' col='1' knobID="" inOutButtonID="" selectButtonID="Quality"/>
					<Cell row='7' col='1' knobID="" inOutButtonID="" selectButtonID=""/>
					<Cell row='8' col='1' knobID="OUT Drive" inOutButtonID="Master Bypass" selectButtonID="OUT Stage"/>
				</Page><!--num='2'-->
			</PageTable><!--type='Av81' pgsz='24'-->
			<PageTable type='BkCS' pgsz='12'>
				<Page num='1'>
					<ID>HIGH Freq</ID>
					<ID>HIGH Gain</ID>
					<ID>MID Freq</ID>
					<ID>MID Gain</ID>
					<ID>LOW Freq</ID>
					<ID>LOW Gain</ID>
					<ID>HIGH Shape</ID>
					<ID>HIGH Bypass</ID>
					<ID>EQ Model</ID>
					<ID>MID Bypass</ID>
					<ID>LOW Shape</ID>
					<ID>LOW Bypass</ID>
				</Page><!--num='1'-->
				<Page num='2'>
					<ID>HP Freq</ID>
					<ID> </ID>
					<ID> </ID>
					<ID> </ID>
					<ID>OUT Gain</ID>
					<ID>OUT Drive</ID>
					<ID>EQ Sat</ID>
					<ID>Mode</ID>
					<ID>Auto Gain</ID>
					<ID>Quality</ID>
					<ID>Bypass</ID>
					<ID>OUT Stage</ID>
				</Page><!--num='2'-->
				<Page num='3'>
					<ID> </ID>
					<ID> </ID>
					<ID> </ID>
					<ID> </ID>
					<ID> </ID>
					<ID> </ID>
					<ID> </ID>
					<ID> </ID>
					<ID> </ID>
					<ID> </ID>
					<ID>Master Bypass</ID>
					<ID> </ID>
				</Page><!--num='3'-->
			</PageTable><!--type='BkCS' pgsz='12'-->
			<PageTable type='BkSF' pgsz='16'>
				<Page num='1'>
					<ID>HP Freq</ID>
					<ID>LOW Freq</ID>
					<ID>LOW Gain</ID>
					<ID>MID Freq</ID>
					<ID>MID Gain</ID>
					<ID>HIGH Freq</ID>
					<ID>HIGH Gain</ID>
					<ID>OUT Gain</ID>
					<ID>EQ Sat</ID>
					<ID>LOW Shape</ID>
					<ID>LOW Bypass</ID>
					<ID>EQ Model</ID>
					<ID>MID Bypass</ID>
					<ID>HIGH Shape</ID>
					<ID>HIGH Bypass</ID>
					<ID>Bypass</ID>
				</Page><!--num='1'-->
				<Page num='2'>
					<ID> </ID>
					<ID> </ID>
					<ID> </ID>
					<ID> </ID>
					<ID> </ID>
					<ID> </ID>
					<ID>OUT Drive</ID>
					<ID> </ID>
					<ID> </ID>
					<ID> </ID>
					<ID> </ID>
					<ID>Auto Gain</ID>
					<ID>Mode</ID>
					<ID>Quality</ID>
					<ID>OUT Stage</ID>
					<ID>Master Bypass</ID>
				</Page><!--num='2'-->
			</PageTable><!--type='BkSF' pgsz='16'-->
			<PageTable type='DgEQ' pgsz='43'>
				<Page num='1'>
					<ID> </ID>
					<ID> </ID>
					<ID>HP Freq</ID>
					<ID> </ID>
					<ID>LOW Bypass</ID>
					<ID>LOW Shape</ID>
					<ID>LOW Gain</ID>
					<ID>LOW Freq</ID>
					<ID> </ID>
					<ID> </ID>
					<ID> </ID>
					<ID> </ID>
					<ID> </ID>
					<ID> </ID>
					<ID>MID Bypass</ID>
					<ID> </ID>
					<ID>MID Gain</ID>
					<ID>MID Freq</ID>
					<ID> </ID>
					<ID> </ID>
					<ID> </ID>
					<ID> </ID>
					<ID> </ID>
					<ID> </ID>
					<ID>HIGH Bypass</ID>
					<ID>HIGH Shape</ID>
					<ID>HIGH Gain</ID>
					<ID>HIGH Freq</ID>
					<ID> </ID>
					<ID> </ID>
					<ID> </ID>
					<ID> </ID>
					<ID> </ID>
					<ID>OUT Drive</ID>
					<ID>OUT Gain</ID>
					<ID> </ID>
					<ID> </ID>
					<ID> </ID>
					<ID> </ID>
					<ID> </ID>
					<ID> </ID>
					<ID> </ID>
					<ID> </ID>
				</Page><!--num='1'-->
			</PageTable><!--type='DgEQ' pgsz='43'-->
			<PageTable type='FrTL' pgsz='24'>
				<Page num='1'>
					<ID>HP Freq</ID>
					<ID>LOW Freq</ID>
					<ID>LOW Gain</ID>
					<ID>LOW Shape</ID>
					<ID>LOW Bypass</ID>
					<ID>MID Freq</ID>
					<ID>MID Gain</ID>
					<ID>MID Bypass</ID>
					<ID>HIGH Freq</ID>
					<ID>HIGH Gain</ID>
					<ID>HIGH Bypass</ID>
					<ID>HIGH Shape</ID>
					<ID>OUT Gain</ID>
					<ID>Bypass</ID>
					<ID>Auto Gain</ID>
					<ID>EQ Model</ID>
					<ID>EQ Sat</ID>
					<ID>OUT Drive</ID>
					<ID>OUT Stage</ID>
					<ID>Mode</ID>
					<ID>Quality</ID>
					<ID>Master Bypass</ID>
					<ID> </ID>
					<ID> </ID>
				</Page><!--num='1'-->
			</PageTable><!--type='FrTL' pgsz='24'-->
			<PageTable type='HgTL' pgsz='8'>
				<Page num='1'>
					<ID>HP Freq</ID>
					<ID>LOW Freq</ID>
					<ID>LOW Gain</ID>
					<ID>MID Freq</ID>
					<ID>MID Gain</ID>
					<ID>HIGH Freq</ID>
					<ID>HIGH Gain</ID>
					<ID>OUT Gain</ID>
				</Page><!--num='1'-->
				<Page num='2'>
					<ID>EQ Sat</ID>
					<ID>LOW Shape</ID>
					<ID>LOW Bypass</ID>
					<ID>EQ Model</ID>
					<ID>MID Bypass</ID>
					<ID>HIGH Shape</ID>
					<ID>HIGH Bypass</ID>
					<ID>Bypass</ID>
				</Page><!--num='2'-->
				<Page num='3'>
					<ID>Auto Gain</ID>
					<ID>Master Bypass</ID>
					<ID>Mode</ID>
					<ID>Quality</ID>
					<ID> </ID>
					<ID> </ID>
					<ID>OUT Drive</ID>
					<ID>OUT Stage</ID>
				</Page><!--num='3'-->
			</PageTable><!--type='HgTL' pgsz='8'-->
			<PageTable type='MkTL' pgsz='8'>
				<Page num='1'>
					<ID>LOW Shape</ID>
					<ID>LOW Bypass</ID>
					<ID>HIGH Shape</ID>
					<ID>HIGH Bypass</ID>
					<ID>LOW Freq</ID>
					<ID>LOW Gain</ID>
					<ID>HIGH Gain</ID>
					<ID>HIGH Freq</ID>
				</Page><!--num='1'-->
				<Page num='2'>
					<ID>EQ Model</ID>
					<ID>MID Bypass</ID>
					<ID>EQ Sat</ID>
					<ID>Bypass</ID>
					<ID>MID Freq</ID>
					<ID>MID Gain</ID>
					<ID>HP Freq</ID>
					<ID>OUT Gain</ID>
				</Page><!--num='2'-->
				<Page num='3'>
					<ID>Auto Gain</ID>
					<ID>OUT Stage</ID>
					<ID>Quality</ID>
					<ID>Mode</ID>
					<ID> </ID>
					<ID>OUT Drive</ID>
					<ID> </ID>
					<ID> </ID>
				</Page><!--num='3'-->
				<Page num='4'>
					<ID> </ID>
					<ID> </ID>
					<ID> </ID>
					<ID>Master Bypass</ID>
					<ID> </ID>
					<ID> </ID>
					<ID> </ID>
					<ID> </ID>
				</Page><!--num='4'-->
			</PageTable><!--type='MkTL' pgsz='8'-->
			<PageTable type='PcTL' pgsz='16'>
				<Page num='1'>
					<ID>HIGH Freq</ID>
					<ID>HIGH Gain</ID>
					<ID>MID Freq</ID>
					<ID>MID Gain</ID>
					<ID>LOW Freq</ID>
					<ID>LOW Gain</ID>
					<ID>HP Freq</ID>
					<ID>OUT Gain</ID>
					<ID>HIGH Shape</ID>
					<ID>HIGH Bypass</ID>
					<ID> </ID>
					<ID>MID Bypass</ID>
					<ID>LOW Shape</ID>
					<ID>LOW Bypass</ID>
					<ID>EQ Model</ID>
					<ID>Bypass</ID>
				</Page><!--num='1'-->
				<Page num='2'>
					<ID> </ID>
					<ID> </ID>
					<ID> </ID>
					<ID> </ID>
					<ID> </ID>
					<ID> </ID>
					<ID>OUT Drive</ID>
					<ID> </ID>
					<ID>Auto Gain</ID>
					<ID>EQ Sat</ID>
					<ID>Mode</ID>
					<ID>Quality</ID>
					<ID> </ID>
					<ID> </ID>
					<ID>OUT Stage</ID>
					<ID>Master Bypass</ID>
				</Page><!--num='2'-->
			</PageTable><!--type='PcTL' pgsz='16'-->
			<PageTable type='PgTL' pgsz='1'>
				<Page num='1'>
					<ID>Master Bypass</ID>
				</Page><!--num='1'-->
				<Page num='2'>
					<ID>LOW Gain</ID>
				</Page><!--num='2'-->
				<Page num='3'>
					<ID>LOW Freq</ID>
				</Page><!--num='3'-->
				<Page num='4'>
					<ID>LOW Shape</ID>
				</Page><!--num='4'-->
				<Page num='5'>
					<ID>MID Gain</ID>
				</Page><!--num='5'-->
				<Page num='6'>
					<ID>MID Freq</ID>
				</Page><!--num='6'-->
				<Page num='7'>
					<ID>HIGH Gain</ID>
				</Page><!--num='7'-->
				<Page num='8'>
					<ID>HIGH Freq</ID>
				</Page><!--num='8'-->
				<Page num='9'>
					<ID>HIGH Shape</ID>
				</Page><!--num='9'-->
				<Page num='10'>
					<ID>EQ Model</ID>
				</Page><!--num='10'-->
				<Page num='11'>
					<ID>EQ Sat</ID>
				</Page><!--num='11'-->
				<Page num='12'>
					<ID>HP Freq</ID>
				</Page><!--num='12'-->
				<Page num='13'>
					<ID>OUT Stage</ID>
				</Page><!--num='13'-->
				<Page num='14'>
					<ID>OUT Drive</ID>
				</Page><!--num='14'-->
				<Page num='15'>
					<ID>OUT Gain</ID>
				</Page><!--num='15'-->
				<Page num='16'>
					<ID>Bypass</ID>
				</Page><!--num='16'-->
				<Page num='17'>
					<ID>Mode</ID>
				</Page><!--num='17'-->
				<Page num='18'>
					<ID>LOW Bypass</ID>
				</Page><!--num='18'-->
				<Page num='19'>
					<ID>MID Bypass</ID>
				</Page><!--num='19'-->
				<Page num='20'>
					<ID>HIGH Bypass</ID>
				</Page><!--num='20'-->
				<Page num='21'>
					<ID>Auto Gain</ID>
				</Page><!--num='21'-->
				<Page num='22'>
					<ID>Quality</ID>
				</Page><!--num='22'-->
			</PageTable><!--type='PgTL' pgsz='1'-->
		</PTLayout><!--name='PageTable 1'-->
	</PageTableLayouts>
	<ControlNamesVariations>
		<Ctrl ID='Auto Gain'>
			<name typ='PgTL' sz='1'>A</name>
			<name typ='PgTL' sz='2'>Au</name>
			<name typ='PgTL' sz='3'>Aut</name>
			<name typ='PgTL' sz='4'>Auto</name>
			<name typ='PgTL' sz='5'>Auto </name>
			<name typ='PgTL' sz='6'>Auto G</name>
			<name typ='PgTL' sz='7'>Auto Ga</name>
			<name typ='PgTL' sz='8'>AutoGain</name>
		</Ctrl><!--ID='Auto Gain'-->
		<Ctrl ID='Bypass'>
			<name typ='PgTL' sz='1'>B</name>
			<name typ='PgTL' sz='2'>By</name>
			<name typ='PgTL' sz='3'>Byp</name>
			<name typ='PgTL' sz='4'>Byp </name>
			<name typ='PgTL' sz='5'>Bypas</name>
		</Ctrl><!--ID='Bypass'-->
		<Ctrl ID='EQ Model'>
			<name typ='PgTL' sz='1'>E</name>
			<name typ='PgTL' sz='2'>EQ</name>
			<name typ='PgTL' sz='3'>EQ </name>
			<name typ='PgTL' sz='4'>EQMo</name>
			<name typ='PgTL' sz='5'>EQ Mo</name>
			<name typ='PgTL' sz='6'>EQMode</name>
			<name typ='PgTL' sz='7'>EQ Mode</name>
		</Ctrl><!--ID='EQ Model'-->
		<Ctrl ID='EQ Sat'>
			<name typ='PgTL' sz='1'>E</name>
			<name typ='PgTL' sz='2'>EQ</name>
			<name typ='PgTL' sz='3'>EQ </name>
			<name typ='PgTL' sz='4'>EQSa</name>
			<name typ='PgTL' sz='5'>EQ Sa</name>
		</Ctrl><!--ID='EQ Sat'-->
		<Ctrl ID='HIGH Bypass'>
			<name typ='PgTL' sz='1'>H</name>
			<name typ='PgTL' sz='2'>HI</name>
			<name typ='PgTL' sz='3'>HIG</name>
			<name typ='PgTL' sz='4'>HByp</name>
			<name typ='PgTL' sz='5'>HIGH </name>
			<name typ='PgTL' sz='6'>HBypas</name>
			<name typ='PgTL' sz='7'>HIGH By</name>
			<name typ='PgTL' sz='8'>HI Bypas</name>
			<name typ='PgTL' sz='9'>HIGH Bypa</name>
			<name typ='PgTL' sz='10'>HIGH Bypas</name>
		</Ctrl><!--ID='HIGH Bypass'-->
		<Ctrl ID='HIGH Freq'>
			<name typ='PgTL' sz='1'>H</name>
			<name typ='PgTL' sz='2'>HI</name>
			<name typ='PgTL' sz='3'>HIG</name>
			<name typ='PgTL' sz='4'>HFrq</name>
			<name typ='PgTL' sz='5'>HIGH </name>
			<name typ='PgTL' sz='6'>HFreq.</name>
			<name typ='PgTL' sz='7'>HIGH Fr</name>
			<name typ='PgTL' sz='8'>HI Freq.</name>
		</Ctrl><!--ID='HIGH Freq'-->
		<Ctrl ID='HIGH Gain'>
			<name typ='PgTL' sz='1'>H</name>
			<name typ='PgTL' sz='2'>HI</name>
			<name typ='PgTL' sz='3'>HIG</name>
			<name typ='PgTL' sz='4'>HGai</name>
			<name typ='PgTL' sz='5'>HIGH </name>
			<name typ='PgTL' sz='6'>HGain </name>
			<name typ='PgTL' sz='7'>HIGH Ga</name>
			<name typ='PgTL' sz='8'>HI Gain </name>
		</Ctrl><!--ID='HIGH Gain'-->
		<Ctrl ID='HIGH Shape'>
			<name typ='PgTL' sz='1'>H</name>
			<name typ='PgTL' sz='2'>HI</name>
			<name typ='PgTL' sz='3'>HIG</name>
			<name typ='PgTL' sz='4'>HShp</name>
			<name typ='PgTL' sz='5'>HIGH </name>
			<name typ='PgTL' sz='6'>HShape</name>
			<name typ='PgTL' sz='7'>HIGH Sh</name>
			<name typ='PgTL' sz='8'>HI Shape</name>
			<name typ='PgTL' sz='9'>HIGH Shap</name>
		</Ctrl><!--ID='HIGH Shape'-->
		<Ctrl ID='HP Freq'>
			<name typ='PgTL' sz='1'>H</name>
			<name typ='PgTL' sz='2'>HP</name>
			<name typ='PgTL' sz='3'>HP </name>
			<name typ='PgTL' sz='4'>HPFq</name>
			<name typ='PgTL' sz='5'>HP Fr</name>
			<name typ='PgTL' sz='6'>HPFreq</name>
		</Ctrl><!--ID='HP Freq'-->
		<Ctrl ID='LOW Bypass'>
			<name typ='PgTL' sz='1'>L</name>
			<name typ='PgTL' sz='2'>LO</name>
			<name typ='PgTL' sz='3'>LOW</name>
			<name typ='PgTL' sz='4'>LByp</name>
			<name typ='PgTL' sz='5'>LOW B</name>
			<name typ='PgTL' sz='6'>LBypas</name>
			<name typ='PgTL' sz='7'>LOW Byp</name>
			<name typ='PgTL' sz='8'>LO Bypas</name>
			<name typ='PgTL' sz='9'>LOW Bypas</name>
		</Ctrl><!--ID='LOW Bypass'-->
		<Ctrl ID='LOW Freq'>
			<name typ='PgTL' sz='1'>L</name>
			<name typ='PgTL' sz='2'>LO</name>
			<name typ='PgTL' sz='3'>LOW</name>
			<name typ='PgTL' sz='4'>LFrq</name>
			<name typ='PgTL' sz='5'>LOW F</name>
			<name typ='PgTL' sz='6'>LFreq.</name>
			<name typ='PgTL' sz='7'>LOW Fre</name>
		</Ctrl><!--ID='LOW Freq'-->
		<Ctrl ID='LOW Gain'>
			<name typ='PgTL' sz='1'>L</name>
			<name typ='PgTL' sz='2'>LO</name>
			<name typ='PgTL' sz='3'>LOW</name>
			<name typ='PgTL' sz='4'>LGai</name>
			<name typ='PgTL' sz='5'>LOW G</name>
			<name typ='PgTL' sz='6'>LGain </name>
			<name typ='PgTL' sz='7'>LOW Gai</name>
		</Ctrl><!--ID='LOW Gain'-->
		<Ctrl ID='LOW Shape'>
			<name typ='PgTL' sz='1'>L</name>
			<name typ='PgTL' sz='2'>LO</name>
			<name typ='PgTL' sz='3'>LOW</name>
			<name typ='PgTL' sz='4'>LShp</name>
			<name typ='PgTL' sz='5'>LOW S</name>
			<name typ='PgTL' sz='6'>LShape</name>
			<name typ='PgTL' sz='7'>LOW Sha</name>
			<name typ='PgTL' sz='8'>LOW Shap</name>
		</Ctrl><!--ID='LOW Shape'-->
		<Ctrl ID='MID Bypass'>
			<name typ='PgTL' sz='1'>M</name>
			<name typ='PgTL' sz='2'>MI</name>
			<name typ='PgTL' sz='3'>MID</name>
			<name typ='PgTL' sz='4'>MByp</name>
			<name typ='PgTL' sz='5'>MID B</name>
			<name typ='PgTL' sz='6'>MBypas</name>
			<name typ='PgTL' sz='7'>MID Byp</name>
			<name typ='PgTL' sz='8'>MID Bypa</name>
			<name typ='PgTL' sz='9'>MID Bypas</name>
		</Ctrl><!--ID='MID Bypass'-->
		<Ctrl ID='MID Freq'>
			<name typ='PgTL' sz='1'>M</name>
			<name typ='PgTL' sz='2'>MI</name>
			<name typ='PgTL' sz='3'>MID</name>
			<name typ='PgTL' sz='4'>MFrq</name>
			<name typ='PgTL' sz='5'>MID F</name>
			<name typ='PgTL' sz='6'>MFreq.</name>
			<name typ='PgTL' sz='7'>MID Fre</name>
		</Ctrl><!--ID='MID Freq'-->
		<Ctrl ID='MID Gain'>
			<name typ='PgTL' sz='1'>M</name>
			<name typ='PgTL' sz='2'>MI</name>
			<name typ='PgTL' sz='3'>MID</name>
			<name typ='PgTL' sz='4'>MGai</name>
			<name typ='PgTL' sz='5'>MID G</name>
			<name typ='PgTL' sz='6'>MGain </name>
			<name typ='PgTL' sz='7'>MID Gai</name>
		</Ctrl><!--ID='MID Gain'-->
		<Ctrl ID='Master Bypass'>
			<name typ='PgTL' sz='4'>MstB</name>
			<name typ='PgTL' sz='6'>MstByp</name>
			<name typ='PgTL' sz='8'>Mast Byp</name>
		</Ctrl><!--ID='Master Bypass'-->
		<Ctrl ID='Mode'>
			<name typ='PgTL' sz='1'>M</name>
			<name typ='PgTL' sz='2'>Mo</name>
			<name typ='PgTL' sz='3'>Mod</name>
		</Ctrl><!--ID='Mode'-->
		<Ctrl ID='OUT Drive'>
			<name typ='PgTL' sz='1'>O</name>
			<name typ='PgTL' sz='2'>OU</name>
			<name typ='PgTL' sz='3'>OUT</name>
			<name typ='PgTL' sz='4'>ODrv</name>
			<name typ='PgTL' sz='5'>OUT D</name>
			<name typ='PgTL' sz='6'>ODrive</name>
			<name typ='PgTL' sz='7'>OUT Dri</name>
			<name typ='PgTL' sz='8'>OUT Driv</name>
		</Ctrl><!--ID='OUT Drive'-->
		<Ctrl ID='OUT Gain'>
			<name typ='PgTL' sz='1'>O</name>
			<name typ='PgTL' sz='2'>OU</name>
			<name typ='PgTL' sz='3'>OUT</name>
			<name typ='PgTL' sz='4'>OGai</name>
			<name typ='PgTL' sz='5'>OUT G</name>
			<name typ='PgTL' sz='6'>OGain </name>
			<name typ='PgTL' sz='7'>OUT Gai</name>
		</Ctrl><!--ID='OUT Gain'-->
		<Ctrl ID='OUT Stage'>
			<name typ='PgTL' sz='1'>O</name>
			<name typ='PgTL' sz='2'>OU</name>
			<name typ='PgTL' sz='3'>OUT</name>
			<name typ='PgTL' sz='4'>OStg</name>
			<name typ='PgTL' sz='5'>OUT S</name>
			<name typ='PgTL' sz='6'>OStage</name>
			<name typ='PgTL' sz='7'>OUT Sta</name>
			<name typ='PgTL' sz='8'>OUT Stag</name>
		</Ctrl><!--ID='OUT Stage'-->
		<Ctrl ID='Quality'>
			<name typ='PgTL' sz='1'>Q</name>
			<name typ='PgTL' sz='2'>Qu</name>
			<name typ='PgTL' sz='3'>Qua</name>
			<name typ='PgTL' sz='4'>Qlty</name>
			<name typ='PgTL' sz='5'>Quali</name>
			<name typ='PgTL' sz='6'>Qualit</name>
		</Ctrl><!--ID='Quality'-->
	</ControlNamesVariations>
	<Editor vers='1.3.7.1'>
		<PluginList>
			<TDM>
			</TDM>
			<RTAS>
				<PluginID manID='Tdrl' prodID='Td10' plugID='jcab'>
					<MenuStr>AAX Native: TDR VOS SlickEQ, Mono</MenuStr>
				</PluginID><!--manID='Tdrl' prodID='Td10' plugID='jcab'-->
				<PluginID manID='Tdrl' prodID='Td10' plugID='jcaa'>
					<MenuStr>AAX Native: TDR VOS SlickEQ, Stereo</MenuStr>
				</PluginID><!--manID='Tdrl' prodID='Td10' plugID='jcaa'-->
			</RTAS>
		</PluginList>
		<DiscCtrls>
			<CtrlID>Auto Gain</CtrlID>
			<CtrlID>Bypass</CtrlID>
			<CtrlID>EQ Model</CtrlID>
			<CtrlID>EQ Sat</CtrlID>
			<CtrlID>HIGH Bypass</CtrlID>
			<CtrlID>HIGH Shape</CtrlID>
			<CtrlID>LOW Bypass</CtrlID>
			<CtrlID>LOW Shape</CtrlID>
			<CtrlID>MID Bypass</CtrlID>
			<CtrlID>Master Bypass</CtrlID>
			<CtrlID>Mode</CtrlID>
			<CtrlID>OUT Stage</CtrlID>
			<CtrlID>Quality</CtrlID>
		</DiscCtrls>
	</Editor><!--vers='1.3.7.1'-->
</PageTables><!--vers='1.0.0.0'-->
